id,story,conversions,url
6072101,https://www.diepresse.com/6072101,https://www.diepresse.com/6072101,https://www.diepresse.com/6072101
6071732,https://www.diepresse.com/6071732,https://www.diepresse.com/6071732,https://www.diepresse.com/6071732
6067407,https://www.diepresse.com/6067407,https://www.diepresse.com/6067407,https://www.diepresse.com/6067407
6064251,https://www.diepresse.com/6064251,https://www.diepresse.com/6064251,https://www.diepresse.com/6064251
6060902,https://www.diepresse.com/6060902,https://www.diepresse.com/6060902,https://www.diepresse.com/6060902
6057314,https://www.diepresse.com/6057314,https://www.diepresse.com/6057314,https://www.diepresse.com/6057314
6053848,https://www.diepresse.com/6053848,https://www.diepresse.com/6053848,https://www.diepresse.com/6053848
6052542,https://www.diepresse.com/6052542,https://www.diepresse.com/6052542,https://www.diepresse.com/6052542
6048838,https://www.diepresse.com/6048838,https://www.diepresse.com/6048838,https://www.diepresse.com/6048838
6046106,https://www.diepresse.com/6046106,https://www.diepresse.com/6046106,https://www.diepresse.com/6046106
6042556,https://www.diepresse.com/6042556,https://www.diepresse.com/6042556,https://www.diepresse.com/6042556
6038529,https://www.diepresse.com/6038529,https://www.diepresse.com/6038529,https://www.diepresse.com/6038529
6035227,https://www.diepresse.com/6035227,https://www.diepresse.com/6035227,https://www.diepresse.com/6035227
6033025,https://www.diepresse.com/6033025,https://www.diepresse.com/6033025,https://www.diepresse.com/6033025
6029360,https://www.diepresse.com/6029360,https://www.diepresse.com/6029360,https://www.diepresse.com/6029360
6024187,https://www.diepresse.com/6024187,https://www.diepresse.com/6024187,https://www.diepresse.com/6024187
6023414,https://www.diepresse.com/6023414,https://www.diepresse.com/6023414,https://www.diepresse.com/6023414
6021648,https://www.diepresse.com/6021648,https://www.diepresse.com/6021648,https://www.diepresse.com/6021648
6018841,https://www.diepresse.com/6018841,https://www.diepresse.com/6018841,https://www.diepresse.com/6018841
6015130,https://www.diepresse.com/6015130,https://www.diepresse.com/6015130,https://www.diepresse.com/6015130
6012780,https://www.diepresse.com/6012780,https://www.diepresse.com/6012780,https://www.diepresse.com/6012780
6010832,https://www.diepresse.com/6010832,https://www.diepresse.com/6010832,https://www.diepresse.com/6010832
6002752,https://www.diepresse.com/6002752,https://www.diepresse.com/6002752,https://www.diepresse.com/6002752
6000451,https://www.diepresse.com/6000451,https://www.diepresse.com/6000451,https://www.diepresse.com/6000451
5996076,https://www.diepresse.com/5996076,https://www.diepresse.com/5996076,https://www.diepresse.com/5996076
5990079,https://www.diepresse.com/5990079,https://www.diepresse.com/5990079,https://www.diepresse.com/5990079
5986178,https://www.diepresse.com/5986178,https://www.diepresse.com/5986178,https://www.diepresse.com/5986178
5984308,https://www.diepresse.com/5984308,https://www.diepresse.com/5984308,https://www.diepresse.com/5984308
5980646,https://www.diepresse.com/5980646,https://www.diepresse.com/5980646,https://www.diepresse.com/5980646
5977765,https://www.diepresse.com/5977765,https://www.diepresse.com/5977765,https://www.diepresse.com/5977765
5972836,https://www.diepresse.com/5972836,https://www.diepresse.com/5972836,https://www.diepresse.com/5972836
5967654,https://www.diepresse.com/5967654,https://www.diepresse.com/5967654,https://www.diepresse.com/5967654
5964889,https://www.diepresse.com/5964889,https://www.diepresse.com/5964889,https://www.diepresse.com/5964889
5961673,https://www.diepresse.com/5961673,https://www.diepresse.com/5961673,https://www.diepresse.com/5961673
5958779,https://www.diepresse.com/5958779,https://www.diepresse.com/5958779,https://www.diepresse.com/5958779
5954953,https://www.diepresse.com/5954953,https://www.diepresse.com/5954953,https://www.diepresse.com/5954953
5950386,https://www.diepresse.com/5950386,https://www.diepresse.com/5950386,https://www.diepresse.com/5950386
5947822,https://www.diepresse.com/5947822,https://www.diepresse.com/5947822,https://www.diepresse.com/5947822
5943429,https://www.diepresse.com/5943429,https://www.diepresse.com/5943429,https://www.diepresse.com/5943429
5939756,https://www.diepresse.com/5939756,https://www.diepresse.com/5939756,https://www.diepresse.com/5939756
5936384,https://www.diepresse.com/5936384,https://www.diepresse.com/5936384,https://www.diepresse.com/5936384
5934119,https://www.diepresse.com/5934119,https://www.diepresse.com/5934119,https://www.diepresse.com/5934119
5929503,https://www.diepresse.com/5929503,https://www.diepresse.com/5929503,https://www.diepresse.com/5929503
5926436,https://www.diepresse.com/5926436,https://www.diepresse.com/5926436,https://www.diepresse.com/5926436
5923034,https://www.diepresse.com/5923034,https://www.diepresse.com/5923034,https://www.diepresse.com/5923034
5921005,https://www.diepresse.com/5921005,https://www.diepresse.com/5921005,https://www.diepresse.com/5921005